name,age,blood_group,phone,location
Arun Kumar,45,B-,9000000000,Bangalore
Mohan,47,A-,9000000001,Salem
Kavya,57,A-,9000000002,Bangalore
Bala,53,AB-,9000000003,Madurai
Dinesh,54,AB+,9000000004,Bangalore
Vignesh,20,A+,9000000005,Bengaluru
Kavya,34,B-,9000000006,Vellore
Ramya,60,O-,9000000007,Erode
Priya,29,B-,9000000008,Madurai
Nandhini,52,AB-,9000000009,Erode
Swetha,42,A+,9000000010,Salem
Pooja,21,A-,9000000011,Tiruppur
Deepa,19,O+,9000000012,Trichy
Aravind,28,A-,9000000013,Kochi
Arun Kumar,60,A+,9000000014,Bengaluru
Aishwarya,24,B+,9000000015,Salem
Karthik,32,A-,9000000016,Hyderabad
Kavya,23,A-,9000000017,Kochi
Aravind,32,A-,9000000018,Hyderabad
Santhosh,45,O+,9000000019,Erode
Vignesh,37,AB+,9000000020,Hyderabad
Priya,45,O-,9000000021,Kumbakonam
Priya,28,B-,9000000022,Tirunelveli
Dinesh,25,A-,9000000023,Erode
Manoj,55,AB-,9000000024,Kochi
Deepa,27,AB+,9000000025,Tanjore
Suresh,21,B-,9000000026,Tiruppur
Pooja,55,B-,9000000027,Tanjore
Deepa,56,B-,9000000028,Coimbatore
Swetha,40,O-,9000000029,Tirunelveli
Meena,26,O-,9000000030,Bangalore
Harini,50,A-,9000000031,Erode
Shalini,41,A-,9000000032,Coimbatore
Pooja,27,B+,9000000033,Tanjore
Santhosh,27,B+,9000000034,Tirunelveli
Meena,53,B+,9000000035,Salem
Aishwarya,32,AB+,9000000036,Vellore
Keerthana,57,A-,9000000037,Vellore
Manoj,22,AB-,9000000038,Tiruppur
Kavya,58,AB-,9000000039,Chennai
Pooja,46,AB-,9000000040,Tiruppur
Gokul,20,O+,9000000041,Kochi
Pooja,46,A-,9000000042,Hyderabad
Gokul,57,O+,9000000043,Hyderabad
Aravind,36,AB-,9000000044,Coimbatore
Suresh,53,AB-,9000000045,Madurai
Harini,32,A-,9000000046,Coimbatore
Aravind,29,A-,9000000047,Kochi
Harini,33,A+,9000000048,Erode
Nandhini,45,AB+,9000000049,Kumbakonam
Swetha,37,AB-,9000000050,Tiruppur
Pavithra,32,A-,9000000051,Coimbatore
Deepa,18,A+,9000000052,Chennai
Nandhini,31,AB-,9000000053,Tanjore
Meena,18,O-,9000000054,Madurai
Santhosh,31,A-,9000000055,Bangalore
Surya,25,B+,9000000056,Hyderabad
Suresh,51,AB+,9000000057,Tiruppur
Aishwarya,36,B+,9000000058,Kumbakonam
Priya,36,B+,9000000059,Tiruppur
Praveen,56,A+,9000000060,Kumbakonam
Pooja,50,B+,9000000061,Bangalore
Divya,57,O+,9000000062,Tiruppur
Aravind,29,O+,9000000063,Kumbakonam
Karthik,30,AB+,9000000064,Tanjore
Pooja,23,AB-,9000000065,Bangalore
Aravind,60,AB+,9000000066,Trichy
Swetha,27,A+,9000000067,Tirunelveli
Arun Kumar,59,B+,9000000068,Erode
Santhosh,37,B-,9000000069,Trichy
Manoj,23,O+,9000000070,Bangalore
Dinesh,53,B-,9000000071,Tirunelveli
Aravind,18,B-,9000000072,Hyderabad
Pooja,44,O-,9000000073,Bengaluru
Mohan,40,A+,9000000074,Erode
Suresh,38,O+,9000000075,Tirunelveli
Arun Kumar,45,AB+,9000000076,Coimbatore
Divya,60,AB-,9000000077,Chennai
Pooja,33,A-,9000000078,Erode
Pooja,25,O-,9000000079,Tiruppur
Keerthana,19,A+,9000000080,Tanjore
Praveen,21,B-,9000000081,Tanjore
Harini,42,B-,9000000082,Bangalore
Manoj,47,O-,9000000083,Tanjore
Santhosh,52,O-,9000000084,Vellore
Karthik,22,A-,9000000085,Kumbakonam
Gokul,53,O+,9000000086,Trichy
Praveen,27,AB+,9000000087,Trichy
Arun Kumar,25,A+,9000000088,Salem
Bala,56,A-,9000000089,Kumbakonam
Meena,56,AB+,9000000090,Bengaluru
Pavithra,23,O+,9000000091,Kumbakonam
Suresh,48,AB+,9000000092,Vellore
Divya,49,AB-,9000000093,Tiruppur
Mohan,37,O-,9000000094,Vellore
Anitha,25,AB-,9000000095,Madurai
Pooja,29,O-,9000000096,Bangalore
Ramya,18,B-,9000000097,Madurai
Deepa,45,B+,9000000098,Bangalore
Priya,60,O+,9000000099,Erode
Divya,20,A+,9000000100,Madurai
Pooja,41,B+,9000000101,Vellore
Aravind,36,B-,9000000102,Hyderabad
Bala,58,AB+,9000000103,Tanjore
Harini,44,A-,9000000104,Tirunelveli
Aravind,23,AB-,9000000105,Coimbatore
Pavithra,22,B-,9000000106,Kochi
Aravind,42,A+,9000000107,Trichy
Pavithra,45,B+,9000000108,Erode
Harini,33,A+,9000000109,Bengaluru
Vijay,34,A+,9000000110,Trichy
Manoj,56,O+,9000000111,Kumbakonam
Dinesh,29,AB+,9000000112,Kochi
Santhosh,23,A-,9000000113,Hyderabad
Bala,55,O-,9000000114,Tanjore
Pavithra,41,AB+,9000000115,Tanjore
Ramya,59,O-,9000000116,Erode
Rahul,47,B+,9000000117,Kumbakonam
Anitha,34,AB-,9000000118,Bangalore
Mohan,42,B-,9000000119,Trichy
Aishwarya,55,A+,9000000120,Tanjore
Arun Kumar,56,A-,9000000121,Tirunelveli
Kavya,44,B-,9000000122,Erode
Rahul,30,AB-,9000000123,Kochi
Nandhini,19,AB+,9000000124,Kumbakonam
Kavya,24,B+,9000000125,Madurai
Gokul,40,B-,9000000126,Kumbakonam
Manoj,20,O-,9000000127,Vellore
Dinesh,41,B+,9000000128,Vellore
Pavithra,43,A-,9000000129,Madurai
Meena,41,O+,9000000130,Coimbatore
Karthik,40,O-,9000000131,Bangalore
Dinesh,53,A+,9000000132,Bangalore
Harini,42,O+,9000000133,Tirunelveli
Swetha,26,A+,9000000134,Trichy
Dinesh,27,AB+,9000000135,Madurai
Arun Kumar,25,AB-,9000000136,Vellore
Mohan,25,AB+,9000000137,Kochi
Vignesh,42,A+,9000000138,Madurai
Arun Kumar,29,O-,9000000139,Hyderabad
Aravind,60,AB-,9000000140,Vellore
Pooja,34,A+,9000000141,Salem
Arun Kumar,25,O-,9000000142,Hyderabad
Suresh,42,O+,9000000143,Chennai
Swetha,23,O+,9000000144,Trichy
Pavithra,19,AB+,9000000145,Salem
Manoj,18,B-,9000000146,Erode
Santhosh,33,B+,9000000147,Bengaluru
Pooja,35,B+,9000000148,Coimbatore
Praveen,34,AB-,9000000149,Chennai
Dinesh,53,B+,9000000150,Tirunelveli
Dinesh,24,B+,9000000151,Chennai
Pooja,25,O+,9000000152,Erode
Dinesh,49,O+,9000000153,Hyderabad
Pooja,20,B-,9000000154,Kochi
Suresh,34,B-,9000000155,Hyderabad
Manoj,60,O-,9000000156,Trichy
Aishwarya,38,O+,9000000157,Tirunelveli
Aishwarya,58,AB-,9000000158,Salem
Karthik,45,B-,9000000159,Kochi
Aishwarya,42,O+,9000000160,Bangalore
Aravind,52,A-,9000000161,Chennai
Priya,42,B+,9000000162,Tanjore
Santhosh,54,A+,9000000163,Hyderabad
Kavya,34,O+,9000000164,Trichy
Kavya,18,O+,9000000165,Salem
Arun Kumar,24,A+,9000000166,Trichy
Swetha,45,A+,9000000167,Kumbakonam
Aravind,53,B+,9000000168,Coimbatore
Deepa,59,A-,9000000169,Coimbatore
Meena,42,O-,9000000170,Hyderabad
Deepa,58,B-,9000000171,Bengaluru
Aishwarya,42,AB-,9000000172,Kochi
Praveen,53,A-,9000000173,Madurai
Meena,53,O+,9000000174,Vellore
Praveen,20,AB+,9000000175,Vellore
Priya,32,AB-,9000000176,Erode
Divya,34,B-,9000000177,Erode
Praveen,53,O-,9000000178,Tanjore
Harini,18,B-,9000000179,Tanjore
Karthik,28,A-,9000000180,Trichy
Aravind,24,B+,9000000181,Salem
Kavya,36,O+,9000000182,Tanjore
Arun Kumar,35,B-,9000000183,Trichy
Surya,57,AB-,9000000184,Kumbakonam
Aravind,41,AB+,9000000185,Hyderabad
Rahul,49,A-,9000000186,Kumbakonam
Mohan,22,A+,9000000187,Trichy
Pavithra,24,A+,9000000188,Madurai
Aravind,39,B-,9000000189,Madurai
Kavya,43,B-,9000000190,Chennai
Deepa,35,AB+,9000000191,Salem
Mohan,37,O+,9000000192,Kumbakonam
Praveen,29,AB+,9000000193,Kumbakonam
Suresh,28,AB-,9000000194,Bangalore
Manoj,20,A+,9000000195,Hyderabad
Shalini,46,A+,9000000196,Kumbakonam
Pooja,21,AB-,9000000197,Tanjore
Anitha,51,AB-,9000000198,Bangalore
Anitha,50,O+,9000000199,Kumbakonam
Shalini,60,A+,9000000200,Chennai
Meena,21,AB+,9000000201,Chennai
Arun Kumar,50,O+,9000000202,Chennai
Rahul,54,O-,9000000203,Madurai
Karthik,28,B+,9000000204,Salem
Nandhini,47,O+,9000000205,Hyderabad
Aravind,41,B+,9000000206,Chennai
Pavithra,51,AB-,9000000207,Hyderabad
Pavithra,53,AB+,9000000208,Trichy
Karthik,24,A-,9000000209,Tiruppur
Pavithra,47,A+,9000000210,Kochi
Arun Kumar,48,B+,9000000211,Kochi
Pavithra,57,A+,9000000212,Bengaluru
Santhosh,42,B-,9000000213,Chennai
Nandhini,52,B+,9000000214,Tanjore
Bala,25,AB-,9000000215,Kochi
Ramya,31,A-,9000000216,Madurai
Surya,23,B+,9000000217,Tirunelveli
Swetha,44,O+,9000000218,Erode
Aishwarya,48,O+,9000000219,Tirunelveli
Deepa,42,A+,9000000220,Bengaluru
Pooja,24,O+,9000000221,Madurai
Vijay,31,A-,9000000222,Tiruppur
Aishwarya,50,AB-,9000000223,Bengaluru
Vijay,51,O-,9000000224,Tiruppur
Deepa,56,B-,9000000225,Tanjore
Dinesh,48,AB-,9000000226,Bangalore
Suresh,43,AB-,9000000227,Bengaluru
Praveen,44,A-,9000000228,Bengaluru
Manoj,50,B-,9000000229,Kochi
Rahul,58,AB-,9000000230,Erode
Shalini,45,B-,9000000231,Salem
Dinesh,46,O-,9000000232,Coimbatore
Kavya,45,B+,9000000233,Vellore
Meena,26,AB-,9000000234,Kochi
Meena,24,A+,9000000235,Kumbakonam
Meena,45,AB-,9000000236,Trichy
Bala,45,A+,9000000237,Madurai
Pavithra,47,O-,9000000238,Trichy
Manoj,54,B-,9000000239,Hyderabad
Vijay,42,A-,9000000240,Hyderabad
Mohan,55,O+,9000000241,Salem
Arun Kumar,35,AB+,9000000242,Bengaluru
Harini,18,AB+,9000000243,Chennai
Manoj,40,O-,9000000244,Erode
Anitha,19,B-,9000000245,Chennai
Manoj,47,O+,9000000246,Tirunelveli
Deepa,41,B+,9000000247,Kochi
Arun Kumar,22,O-,9000000248,Vellore
Shalini,20,AB-,9000000249,Salem
Aravind,28,A+,9000000250,Kochi
Dinesh,25,O+,9000000251,Bangalore
Gokul,24,A+,9000000252,Chennai
Dinesh,35,AB+,9000000253,Hyderabad
Pooja,57,O+,9000000254,Madurai
Aishwarya,44,O+,9000000255,Tirunelveli
Harini,54,O+,9000000256,Kumbakonam
Shalini,33,O-,9000000257,Tiruppur
Nandhini,40,AB+,9000000258,Kumbakonam
Vignesh,33,O+,9000000259,Salem
Karthik,30,O+,9000000260,Chennai
Bala,21,O-,9000000261,Tiruppur
Dinesh,33,AB-,9000000262,Tirunelveli
Nandhini,20,O+,9000000263,Salem
Vignesh,50,B+,9000000264,Tanjore
Shalini,46,AB+,9000000265,Coimbatore
Meena,52,O-,9000000266,Coimbatore
Meena,34,B+,9000000267,Tiruppur
Meena,49,O-,9000000268,Salem
Pooja,19,O-,9000000269,Bangalore
Mohan,54,A+,9000000270,Trichy
Harini,36,AB-,9000000271,Salem
Surya,47,AB-,9000000272,Vellore
Aishwarya,33,AB+,9000000273,Madurai
Suresh,19,B-,9000000274,Erode
Vijay,46,B+,9000000275,Salem
Rahul,38,O+,9000000276,Chennai
Mohan,39,A-,9000000277,Bangalore
Kavya,47,AB+,9000000278,Coimbatore
Priya,46,O+,9000000279,Kochi
Deepa,38,B+,9000000280,Tiruppur
Aravind,55,AB-,9000000281,Bengaluru
Shalini,46,A+,9000000282,Vellore
Praveen,18,B-,9000000283,Tirunelveli
Harini,28,A+,9000000284,Kumbakonam
Praveen,36,O+,9000000285,Kochi
Shalini,57,O-,9000000286,Hyderabad
Swetha,23,B+,9000000287,Tiruppur
Meena,31,O-,9000000288,Chennai
Vignesh,41,AB-,9000000289,Tirunelveli
Nandhini,40,B-,9000000290,Bengaluru
Swetha,24,B+,9000000291,Kumbakonam
Anitha,38,A-,9000000292,Hyderabad
Dinesh,60,B+,9000000293,Erode
Karthik,42,B-,9000000294,Hyderabad
Pooja,53,A+,9000000295,Chennai
Keerthana,18,O-,9000000296,Kochi
Vignesh,24,AB+,9000000297,Hyderabad
Keerthana,51,B-,9000000298,Bangalore
Ramya,54,B-,9000000299,Tanjore
Gokul,24,AB+,9000000300,Hyderabad
Harini,38,O-,9000000301,Chennai
Nandhini,42,AB-,9000000302,Tirunelveli
Harini,25,A-,9000000303,Madurai
Anitha,49,A-,9000000304,Bengaluru
Karthik,59,O-,9000000305,Erode
Vignesh,29,B+,9000000306,Vellore
Suresh,33,B+,9000000307,Bengaluru
Meena,46,O-,9000000308,Bangalore
Priya,51,AB-,9000000309,Erode
Praveen,43,B-,9000000310,Trichy
Arun Kumar,25,O+,9000000311,Kochi
Divya,47,O+,9000000312,Tiruppur
Praveen,57,B-,9000000313,Chennai
Suresh,22,A-,9000000314,Erode
Karthik,48,AB-,9000000315,Trichy
Arun Kumar,26,B+,9000000316,Madurai
Surya,22,O+,9000000317,Kumbakonam
Harini,57,AB+,9000000318,Coimbatore
Harini,25,B+,9000000319,Coimbatore
Aravind,32,A-,9000000320,Kumbakonam
Aravind,47,A+,9000000321,Tiruppur
Pooja,19,B-,9000000322,Vellore
Swetha,48,O+,9000000323,Tirunelveli
Suresh,33,B-,9000000324,Erode
Praveen,37,AB+,9000000325,Salem
Surya,54,B-,9000000326,Coimbatore
Surya,45,O+,9000000327,Bengaluru
Pavithra,52,A+,9000000328,Tiruppur
Aishwarya,52,B+,9000000329,Tiruppur
Aravind,22,A-,9000000330,Kochi
Manoj,20,AB-,9000000331,Tanjore
Santhosh,23,AB-,9000000332,Kochi
Deepa,25,AB+,9000000333,Bengaluru
Mohan,59,AB+,9000000334,Salem
Manoj,59,B-,9000000335,Bengaluru
Priya,36,O-,9000000336,Bangalore
Deepa,22,AB+,9000000337,Erode
Dinesh,26,A-,9000000338,Erode
Dinesh,51,O-,9000000339,Chennai
Bala,49,O+,9000000340,Tanjore
Deepa,39,AB+,9000000341,Bengaluru
Swetha,31,B+,9000000342,Bengaluru
Kavya,51,O+,9000000343,Erode
Anitha,55,O+,9000000344,Vellore
Deepa,24,O+,9000000345,Bengaluru
Karthik,48,O-,9000000346,Hyderabad
Harini,38,AB+,9000000347,Tirunelveli
Gokul,56,AB+,9000000348,Erode
Gokul,51,AB-,9000000349,Chennai
Surya,55,A-,9000000350,Salem
Swetha,55,B+,9000000351,Chennai
Manoj,43,B-,9000000352,Tirunelveli
Deepa,18,O+,9000000353,Trichy
Vijay,27,AB+,9000000354,Hyderabad
Suresh,57,O-,9000000355,Erode
Vijay,28,O+,9000000356,Vellore
Vignesh,43,A-,9000000357,Kumbakonam
Keerthana,55,B-,9000000358,Trichy
Vignesh,60,A+,9000000359,Trichy
Kavya,36,AB+,9000000360,Kumbakonam
Rahul,47,A+,9000000361,Coimbatore
Nandhini,40,AB-,9000000362,Erode
Aravind,49,AB-,9000000363,Bangalore
Nandhini,26,B-,9000000364,Tanjore
Kavya,37,AB+,9000000365,Bengaluru
Karthik,23,AB+,9000000366,Salem
Meena,19,O-,9000000367,Hyderabad
Surya,51,A-,9000000368,Bangalore
Pooja,41,A-,9000000369,Chennai
Suresh,36,O-,9000000370,Kochi
Suresh,55,O+,9000000371,Coimbatore
Swetha,19,B-,9000000372,Erode
Santhosh,54,A-,9000000373,Bengaluru
Rahul,29,AB+,9000000374,Kumbakonam
Anitha,51,AB-,9000000375,Chennai
Suresh,23,AB-,9000000376,Tiruppur
Santhosh,32,A+,9000000377,Vellore
Praveen,51,O-,9000000378,Tirunelveli
Pooja,18,A-,9000000379,Bengaluru
Gokul,38,AB+,9000000380,Hyderabad
Praveen,53,O+,9000000381,Bengaluru
Dinesh,48,O+,9000000382,Coimbatore
Karthik,20,B-,9000000383,Tirunelveli
Santhosh,38,AB-,9000000384,Chennai
Vijay,43,O-,9000000385,Erode
Dinesh,42,O+,9000000386,Madurai
Ramya,33,B-,9000000387,Bangalore
Aishwarya,55,B+,9000000388,Tiruppur
Arun Kumar,28,AB+,9000000389,Madurai
Divya,34,AB+,9000000390,Tiruppur
Priya,32,A-,9000000391,Madurai
Arun Kumar,20,A+,9000000392,Hyderabad
Suresh,52,B-,9000000393,Bengaluru
Aishwarya,27,AB+,9000000394,Madurai
Santhosh,41,B-,9000000395,Vellore
Ramya,39,AB-,9000000396,Kochi
Dinesh,41,A-,9000000397,Vellore
Surya,18,A-,9000000398,Tirunelveli
Deepa,34,A+,9000000399,Madurai
Bala,26,O+,9000000400,Bengaluru
Santhosh,20,AB+,9000000401,Salem
Santhosh,55,B-,9000000402,Trichy
Manoj,35,AB-,9000000403,Tirunelveli
Karthik,26,O-,9000000404,Bengaluru
Gokul,31,AB+,9000000405,Vellore
Surya,49,B+,9000000406,Bangalore
Karthik,35,A+,9000000407,Bangalore
Bala,23,B+,9000000408,Chennai
Arun Kumar,50,O-,9000000409,Bangalore
Swetha,39,A+,9000000410,Tiruppur
Nandhini,27,O+,9000000411,Trichy
Vijay,50,AB+,9000000412,Hyderabad
Shalini,30,B-,9000000413,Tiruppur
Aishwarya,36,O+,9000000414,Tirunelveli
Karthik,60,AB+,9000000415,Hyderabad
Santhosh,27,O-,9000000416,Bangalore
Shalini,40,O-,9000000417,Madurai
Aishwarya,21,O+,9000000418,Bengaluru
Meena,39,AB-,9000000419,Tirunelveli
Anitha,19,B+,9000000420,Madurai
Aishwarya,50,AB-,9000000421,Tanjore
Karthik,20,O-,9000000422,Tiruppur
Kavya,29,A+,9000000423,Tanjore
Pooja,35,AB-,9000000424,Tanjore
Harini,27,AB+,9000000425,Chennai
Karthik,22,AB+,9000000426,Erode
Vijay,36,A+,9000000427,Madurai
Shalini,33,A-,9000000428,Bengaluru
Priya,19,AB+,9000000429,Erode
Praveen,48,AB-,9000000430,Tirunelveli
Shalini,29,A-,9000000431,Bengaluru
Arun Kumar,49,B-,9000000432,Kumbakonam
Keerthana,36,AB-,9000000433,Coimbatore
Divya,39,B-,9000000434,Kumbakonam
Aravind,39,O-,9000000435,Kumbakonam
Surya,45,A+,9000000436,Bengaluru
Meena,53,O-,9000000437,Bangalore
Vijay,20,AB-,9000000438,Tanjore
Dinesh,28,B-,9000000439,Tanjore
Nandhini,32,AB-,9000000440,Madurai
Aravind,32,A+,9000000441,Madurai
Ramya,27,AB-,9000000442,Kochi
Dinesh,35,B-,9000000443,Tiruppur
Aravind,35,O-,9000000444,Kumbakonam
Rahul,54,AB-,9000000445,Tanjore
Dinesh,32,B-,9000000446,Coimbatore
Surya,51,B-,9000000447,Coimbatore
Priya,60,AB-,9000000448,Madurai
Rahul,38,A-,9000000449,Bangalore
Keerthana,38,AB-,9000000450,Tirunelveli
Pooja,41,AB-,9000000451,Chennai
Pavithra,28,B+,9000000452,Tanjore
Aishwarya,40,AB+,9000000453,Trichy
Keerthana,43,A+,9000000454,Erode
Divya,59,A+,9000000455,Tiruppur
Dinesh,18,AB-,9000000456,Salem
Karthik,31,AB+,9000000457,Vellore
Rahul,56,B+,9000000458,Tiruppur
Rahul,28,AB+,9000000459,Salem
Kavya,60,A+,9000000460,Kochi
Harini,52,B-,9000000461,Trichy
Suresh,25,O-,9000000462,Coimbatore
Shalini,33,A-,9000000463,Bengaluru
Swetha,55,AB-,9000000464,Bengaluru
Praveen,25,A+,9000000465,Vellore
Vignesh,26,AB+,9000000466,Kochi
Aravind,18,B-,9000000467,Bengaluru
Gokul,19,A-,9000000468,Vellore
Bala,39,A+,9000000469,Trichy
Meena,29,AB-,9000000470,Kumbakonam
Aravind,18,AB-,9000000471,Bangalore
Meena,52,A+,9000000472,Vellore
Bala,35,B+,9000000473,Tanjore
Mohan,38,AB-,9000000474,Bengaluru
Nandhini,35,A+,9000000475,Hyderabad
Priya,43,O-,9000000476,Kumbakonam
Pooja,28,A-,9000000477,Hyderabad
Ramya,35,A-,9000000478,Kochi
Kavya,43,A+,9000000479,Coimbatore
Keerthana,59,O-,9000000480,Kumbakonam
Manoj,26,A-,9000000481,Tirunelveli
Keerthana,46,B-,9000000482,Salem
Manoj,24,AB-,9000000483,Vellore
Dinesh,32,AB-,9000000484,Erode
Bala,26,A+,9000000485,Erode
Aishwarya,52,AB-,9000000486,Tirunelveli
Mohan,44,A-,9000000487,Tirunelveli
Meena,20,AB-,9000000488,Vellore
Dinesh,49,AB-,9000000489,Kumbakonam
Divya,34,A-,9000000490,Hyderabad
Praveen,21,O+,9000000491,Kumbakonam
Meena,28,AB+,9000000492,Trichy
Harini,35,AB+,9000000493,Madurai
Praveen,56,AB+,9000000494,Hyderabad
Nandhini,37,B+,9000000495,Kumbakonam
Keerthana,60,AB+,9000000496,Kumbakonam
Vijay,60,B-,9000000497,Tiruppur
Meena,40,O-,9000000498,Vellore
Surya,37,A-,9000000499,Madurai
